firstname,lastname,username,identity,province,password,ou,
Pedro,Gustavo,pgustavo,"Domain Admins",Shire,S@lv@m3!M0d3,"CN=Users,DC=shire,DC=com"
Luncho,Rodriguez,lrodriguez,"Users",Shire,Ann0n@!,"CN=Users,DC=shire,DC=com"
Wec,Server,wecserver,"Users",Shire,Edhellen$,"CN=Users,DC=shire,DC=com"
Norah,Martha,nmartha,"Users",Shire,ShiRe012!,"CN=Users,DC=shire,DC=com"
Gandalf,TheWhite,gandalf,"Administrators",Maiar,$hadowf@x1,"CN=Users,DC=shire,DC=com"
Bilbo,Baggins,bilbo,"Users",Shire,LittleThief1!,"CN=Users,DC=shire,DC=com"
Frodo,Baggins,frodo,"Administrators",Shire,RingBeaRer12!,"CN=Users,DC=shire,DC=com"
Merry,Brandybuck,merry,"Users",Shire,Meri@d0c!,"CN=Users,DC=shire,DC=com"
Pippin,Took,pippin,"Users",Shire,PeRegRin1!,"CN=Users,DC=shire,DC=com"
Samwise,Gamgee,samwise,"Users",Shire,TheBr@ve1!,"CN=Users,DC=shire,DC=com"
Saruman, ,saruman,"Users",Blessed Realm,EvilWiz@rd2!,"CN=Users,DC=shire,DC=com"
Smaug, ,smaug,"Users",Lonely Mountain,TheImpenetr@ble1!,"CN=Users,DC=shire,DC=com"
Aragorn,Arathorn,aragorn,"Administrators",Gondor,R@ngerofTheN0rth,"CN=Users,DC=shire,DC=com"
Gimili,Gloin,gimili,"Users",Glittering Caves,Dw@rv3s,"CN=Users,DC=shire,DC=com"
Legolas,Greenleaf,legolas,"Users",Woodland,W00dl@ndR3alm1!,"CN=Users,DC=shire,DC=com"
Boromir, ,boromir,"Users",Gondor,C@ptain0fGond0r1!,"CN=Users,DC=shire,DC=com"
Elrond, ,elrond,"Users",Rivendell,Vily@12!,"CN=Users,DC=shire,DC=com"

